{"cameraMode":{"drawMode":0,"name":"Shaded","section":"Shading Mode"},"sceneLighting":false,"audioPlay":false,"sceneViewState":{"showFog":true,"showMaterialUpdate":false,"showSkybox":false,"showFlares":true,"showImageEffects":true,"showParticleSystems":true},"in2DMode":false,"pivot":{"x":-0.10356903076171875,"y":-0.043324947357177737,"z":0.0392916202545166},"rotation":{"x":0.08065871149301529,"y":-0.9096825122833252,"z":0.34897372126579287,"w":0.2102213203907013},"size":2.5801618099212648,"orthographic":false}