{"cameraMode":{"drawMode":0,"name":"Shaded","section":"Shading Mode"},"sceneLighting":true,"audioPlay":false,"sceneViewState":{"showFog":true,"showMaterialUpdate":false,"showSkybox":true,"showFlares":true,"showImageEffects":true,"showParticleSystems":true},"in2DMode":false,"pivot":{"x":8.899999618530274,"y":0.8600000143051148,"z":25.780000686645509},"rotation":{"x":0.4296115040779114,"y":-0.5143835544586182,"z":0.3331950902938843,"w":0.6631966829299927},"size":11.409022331237793,"orthographic":false}