{"cameraMode":{"drawMode":0,"name":"Shaded","section":"Shading Mode"},"sceneLighting":true,"audioPlay":false,"sceneViewState":{"showFog":true,"showMaterialUpdate":false,"showSkybox":true,"showFlares":true,"showImageEffects":true,"showParticleSystems":true},"in2DMode":false,"pivot":{"x":-27.792150497436525,"y":3.341219902038574,"z":8.700356483459473},"rotation":{"x":0.08110500127077103,"y":-0.7710151076316834,"z":0.10025167465209961,"w":0.6236297488212586},"size":7.580994606018066,"orthographic":false}