{"cameraMode":{"drawMode":0,"name":"Shaded","section":"Shading Mode"},"sceneLighting":true,"audioPlay":false,"sceneViewState":{"showFog":true,"showMaterialUpdate":false,"showSkybox":true,"showFlares":true,"showImageEffects":true,"showParticleSystems":true},"in2DMode":false,"pivot":{"x":-1.817178726196289,"y":-35.3474235534668,"z":28.862262725830079},"rotation":{"x":-0.3599163293838501,"y":0.2807849943637848,"z":-0.11453317105770111,"w":-0.8823328018188477},"size":56.059776306152347,"orthographic":false}